id_l,title_l,director_l,id_r,title_r,director_r
Q2672175,Stand-In,Tay Garnett,node71c8f5bb323649e646ed4e86fa15ecc_<http://www.imdb.com/title/tt0029605/>,Stand-In,Tay Garnett
Q6961976,Namo Venkatesa,Srinu Vaitla,node875fad29a4814802cd87ebf5e89c39c_<http://musicmazaa.com/telugu/lyrics/read/movie/Namo+Venkatesa/Namo+Venkatesa.html>,Namo Venkatesa,http://musicmazaa.com/telugu/lyrics/read/movie/Namo+Venkatesa/Namo+Venkatesa.html/#Sreenu+Vytla
Q6961976,Namo Venkatesa,Srinu Vaitla,node7b99ffffae05ebd18d8186f43e8c17_<http://www.apunkachoice.com/titles/nam/namo-venkatesa/mid_34587/>,Namo Venkatesa,http://www.apunkachoice.com/names/sri/srinu_vytla/cid_305793/
Q6961976,Namo Venkatesa,Srinu Vaitla,noded513ddea839b697fe9cdc679839d4f13_<http://musicmazaa.com/telugu/audiosongs/movie/Namo+Venkatesa.html>,Namo Venkatesa,http://musicmazaa.com/telugu/audiosongs/movie/Namo+Venkatesa.html/#Sreenu+Vytla
Q5129555,Claustrophobia,Mark Tapio Kines,nodeab69c77799fc4caf1bd371a61aa74cc4_<http://www.imdb.com/title/tt0315411/>,Claustrophobia,Mark Tapio Kines
Q5129555,Claustrophobia,Mark Tapio Kines,nodeb64ac581d16f457269a259274d71a6_<http://www.imdb.com/title/tt0315411/?ref_=nm_flmg_act_49>,Claustrophobia,Mark Tapio Kines
Q570221,"Reuben, Reuben",Robert Ellis Miller,node8946daadc451c26d5637ee2036964a54_<http://www.virtual-history.com/movie/film/6605/reuben-reuben>,"Reuben, Reuben",Robert Ellis Miller
Q570221,"Reuben, Reuben",Robert Ellis Miller,nodec594ddc9c9593870e51ce6336f26e2c_<http://www.imdb.com/title/tt0084591/?ref_=tt_rec_tti>,"Reuben, Reuben",Robert Ellis Miller
Q570221,"Reuben, Reuben",Robert Ellis Miller,node21fbf3672f5fbdfe43caf6f5548ec5b_<http://www.imdb.com/title/tt0084591/externalsites>,"Reuben, Reuben (1983)",
Q3502702,Suburban Secrets,Joseph W. Sarno,node6f8be76cf18361c74167b99bb8f867_<http://vodly.to/watch-457560-Suburban-Secrets>,Suburban Secrets,
Q3502702,Suburban Secrets,Joseph W. Sarno,node2b83e1db198de7c74af6b6ad12b46e_<http://www.imdb.com/title/tt0406951/>,Suburban Secrets,Joseph W. Sarno
Q3502702,Suburban Secrets,Joseph W. Sarno,node113b54a09776a8bba97d8134fcec31e_<http://www.hotmovies.com/video/137530/Suburban-Secrets-Episode-5/>,Suburban Secrets Episode 5,
Q1294711,The Gorgeous Hussy,Clarence Brown,node86e1b59c647b546f9efebac2d41b65_<http://www.imdb.com/title/tt0027690/>,The Gorgeous Hussy,Clarence Brown
Q1294711,The Gorgeous Hussy,Clarence Brown,nodefdf5bc2ca2682ede6d0bc375b15bdf5_<http://www.nytimes.com/movies/movie/20387/The-Gorgeous-Hussy/overview>,The Gorgeous Hussy,Clarence Brown
Q1294711,The Gorgeous Hussy,Clarence Brown,nodec7d878ef592d93e1a0132abbcec398_<http://www.hollywood.com/movies/5055593/the-gorgeous-hussy>,The Gorgeous Hussy,Clarence Brown
Q1294711,The Gorgeous Hussy,Clarence Brown,node39a7c94c76430b8f46c26250414bc9_<http://www.movieposterdb.com/movie/0027690/The-Gorgeous-Hussy.html>,The Gorgeous Hussy,Clarence Brown
Q1294711,The Gorgeous Hussy,Clarence Brown,node602c11e99f618f842788dddea3a1e22c_<http://www.themoviedb.org/movie/112284-the-gorgeous-hussy>,The Gorgeous Hussy,Clarence Brown
Q632718,Crossfire,Edward Dmytryk,node5a9c7c7b19d68dd389e41c46710ce_<http://www.movieposterdb.com/movie/0039286/Crossfire.html>,Crossfire,Edward Dmytryk
Q632718,Crossfire,Edward Dmytryk,node8216f98b6969a784c818b6b3cc982a_<http://www.movieposterdb.com/poster/fe610e45>,Crossfire,Edward Dmytryk
Q632718,Crossfire,Edward Dmytryk,nodece88e3f851deccc81755d6a64196d33e_<http://www.movieposterdb.com/poster/241c8ef9>,Crossfire,Edward Dmytryk
Q632718,Crossfire,Edward Dmytryk,node8d1e9ade81f35651709c8f86239b8e41_<http://www.movieposterdb.com/poster/bab2cd1e>,Crossfire,Edward Dmytryk
Q632718,Crossfire,Edward Dmytryk,node752a29d48c447c22a48eab3cf1ca4edf_<http://www.movieposterdb.com/poster/1b92b9c6>,Crossfire,Edward Dmytryk
Q632718,Crossfire,Edward Dmytryk,nodeedfa4376d1c9ab73e8bed38fc555396_<http://www.movieposterdb.com/poster/828b83cb>,Crossfire,Edward Dmytryk
Q632718,Crossfire,Edward Dmytryk,node90ada37718dd94cc2612d632b3f5d362_<http://www.movieposterdb.com/poster/55d4ba87>,Crossfire,Edward Dmytryk
Q632718,Crossfire,Edward Dmytryk,nodec0552769f09748eab92d6e2c88da82cd_<http://www.zap2it.com/movie/crossfire/MV000053050000?aid=zap2it>,Crossfire,
Q632718,Crossfire,Edward Dmytryk,node60ecc7311ab6195b5305be0b32bb653_<http://www.movieposterdb.com/poster/f26f80ab>,Crossfire,Edward Dmytryk
Q632718,Crossfire,Edward Dmytryk,nodec9d64a9261c872126eae5801552c6a_<http://www.movieposterdb.com/poster/de313980>,Crossfire,Edward Dmytryk
Q632718,Crossfire,Edward Dmytryk,node3f217cf1cd86df79dd3f324db4e6ee35_<http://www.movieposterdb.com/poster/cfda289d>,Crossfire,Edward Dmytryk
Q632718,Crossfire,Edward Dmytryk,node7c2c882b412ff2889adc79e58bcc748_<http://www.movieposterdb.com/poster/bd52e766>,Crossfire,Edward Dmytryk
Q632718,Crossfire,Edward Dmytryk,node43e46dbae13da8cc1ae32130f634bfff_<http://www.movieposterdb.com/poster/e41455de>,Crossfire,Edward Dmytryk
Q632718,Crossfire,Edward Dmytryk,node6bda0e292173bd650cdafa7440ef8c_<http://www.movieposterdb.com/poster/6b62e8b5>,Crossfire,Edward Dmytryk
Q632718,Crossfire,Edward Dmytryk,nodef163326638b79a72daa8bdafb075c1f6_<http://www.movieposterdb.com/poster/24c9a1a3>,Crossfire,Edward Dmytryk
Q632718,Crossfire,Edward Dmytryk,node4931daa59fd641398aa5d3746d90686_<http://www.movieposterdb.com/poster/6c912820>,Crossfire,Edward Dmytryk
Q632718,Crossfire,Edward Dmytryk,node83c21285d05377cc571c5ad8c2ad69_<http://www.movieposterdb.com/poster/f6d05a2a>,Crossfire,Edward Dmytryk
Q632718,Crossfire,Edward Dmytryk,node1478905d731be27dd53589d7a9a0c2a2_<http://www.movieposterdb.com/poster/8c2fd932>,Crossfire,Edward Dmytryk
Q632718,Crossfire,Edward Dmytryk,node7874bbe1abfc082a64976479d7b2e67_<http://www.movieposterdb.com/poster/5aca4885>,Crossfire,Edward Dmytryk
Q632718,Crossfire,Edward Dmytryk,nodebc7bf3fe1dbc7c48c6b014c680aff0_<http://www.movieposterdb.com/poster/e72d18f2>,Crossfire,Edward Dmytryk
Q632718,Crossfire,Edward Dmytryk,node82d4d1d293a43ec3770ade2d07dd8a3_<http://www.movieposterdb.com/poster/ab5ae547>,Crossfire,Edward Dmytryk
Q632718,Crossfire,Edward Dmytryk,node8c2748dc8a80808a9c17677a1aac379_<http://www.movieposterdb.com/poster/151f6110>,Crossfire,Edward Dmytryk
Q632718,Crossfire,Edward Dmytryk,nodefc8e62613ac62a525a8f2b1e98138f6_<http://www.imdb.com/title/tt0039286/plotsummary>,Crossfire (1947),
Q632718,Crossfire,Edward Dmytryk,nodece891ac9cda8c271218a9584b36967_<http://www.listal.com/movie/crossfire>,Crossfire (1947),
Q632718,Crossfire,Edward Dmytryk,node88677149b7d55286ec388d8e48633d5a_<http://www.videofutur.fr/viewTitleDetails.do?titreId=102587>,Feux crois�s(Crossfire)deEdward Dmytryk,Edward Dmytryk
Q5372517,Emir,Chito S. Roño,noded83a5ad3c238befec88e365c3f70fe_<http://www.filmlerseyret.com/izle/435/besinci-emir-olum>,Beşinci Emir Ölüm,
Q5372517,Emir,Chito S. Roño,nodee0519f6c1c9f85c94c4d9a0754ae5ba_<http://www.bigscreen.com/NowShowing.php?movie=79990&view=media>,Emir Kusturica Farewell (L'affaire Farewell),
Q5372517,Emir,Chito S. Roño,node86505538a022e28364b9ff60edfbf9cf_<http://www.acunn.com/sinema/besinci-emir-olum/379686>,El quinto mandamiento Beşinci Emir: Ölüm,Rafael Lara
Q5372517,Emir,Chito S. Roño,nodef3a17ba93db3da8a223381343c692a_<http://www.filmupdate.altervista.org/13/14571-il-segreto-anticipazioni-27-agosto-2013-pepa-in-carcere-racconta-la-verit-ad-angustias.html>,La Foresta di Ghiaccio - Clip esclusiva backstage - Emir Kusturica racconta Secondo,
Q5372517,Emir,Chito S. Roño,"node83eec7b86753fcd98576e6657d7a88d_<http://www.commeaucinema.com/film/7-jours-a-la-havane-drame,224339>",Laurent Cantet Pablo Trapero Leonardo Padura Juan Carlos Tabio Julio Medem Daniel Brï¿½hl Benicio Del Toro 7 Jours ï¿½ la Havane Elia Suleiman Gaspar Noï¿½ Emir Kusturica,
Q4832493,Azhagar Malai,S. P. Rajkumar,node69b5ace81b75dda26f194bdc46b169_<http://spicyonion.com/movie/azhagar-malai/>,RK Sona Nepolian Azhagar Malai Banu Vadivelu,Rajakumar
Q4127274,Everybody Wants to Be Italian,Jason Todd Ipson,node2dc93c68e5f241d32f9322bf841ceef3_<http://www.themoviedb.org/movie/12818-everybody-wants-to-be-italian>,Everybody Wants to Be Italian,Jason Todd Ipson
Q4127274,Everybody Wants to Be Italian,Jason Todd Ipson,node2ff2303e82ada31080a0643cb1a552b8_<http://www.zap2it.com/movie/everybody-wants-to-be-italian/MV002082250000?aid=zap2it>,Everybody Wants to Be Italian,
Q4127274,Everybody Wants to Be Italian,Jason Todd Ipson,node6b4add6dac08fa9b6edebc5eb8a72_<http://www.traileraddict.com/everybody-wants-be-italian/lost-cat>,Everybody Wants to Be Italian,
Q4127274,Everybody Wants to Be Italian,Jason Todd Ipson,node8d3918e7448f8b358327cbb1a888cfe9_<http://www.fandango.com/everybodywantstobeitalian_111007/moviephotosposters?ImageId=226954>,Everybody Wants to Be Italian Photos,
Q4127274,Everybody Wants to Be Italian,Jason Todd Ipson,noded94b47a1b837db69f3baecd434a6b98b_<http://www.fandango.com/everybodywantstobeitalian_111007/moviephotosposters?ImageId=226954>,Everybody Wants to Be Italian,Jason Todd Ipson
Q4127274,Everybody Wants to Be Italian,Jason Todd Ipson,nodeffd3d54f9dfcb2b7f1348d89476fec_<http://www.traileraddict.com/everybody-wants-be-italian>,Everybody Wants to Be Italian,Jason Todd Ipson
Q4127274,Everybody Wants to Be Italian,Jason Todd Ipson,nodeff9d99934da98c575f7364a987d6f049_<http://www.traileraddict.com/everybody-wants-be-italian>,Everybody Wants to Be Italian,Jason Todd Ipson
Q7929319,Vijaypath,Farogh Siddique,node4884c2fdc5342a19796de42de1d93b92_<http://www.imdb.com/title/tt0111625/>,Vijaypath,Farogh Siddique
Q7929319,Vijaypath,Farogh Siddique,node93dce631fff1a5ee8bf392b86ee2aae_<http://www.apunkachoice.com/titles/vij/vijaypath/mid_17916/>,Vijaypath,http://www.apunkachoice.com/names/far/farogh_siddique/cid_181528/
Q7929319,Vijaypath,Farogh Siddique,node6a12c4a1e15b95179e3ab7de55f4af_<http://www.apunkachoice.com/titles/vij/vijaypath/mid_17916/fanclub/>,Vijaypath,http://www.apunkachoice.com/names/far/farogh_siddique/cid_181528/
Q7929319,Vijaypath,Farogh Siddique,node70a39426e4ae34753fec44656f9ff0_<http://www.themoviedb.org/movie/103800-vijaypath>,Vijaypath,Farogh Siddique
Q7929319,Vijaypath,Farogh Siddique,node7dacac7cbd0c03174b2cd697e7116d2_<http://twomovies.us/watch_movie/Vijaypath>,Watch Vijaypath (1994) movie Online,http://twomovies.us/actor_director/Farogh_Siddique
Q5352401,El crack,José Luis Garci,nodea4e4940779f438b84bae2b9d5aa6d7_<http://www.imdb.com/title/tt0082210/>,El crack,José Luis Garci
Q5352401,El crack,José Luis Garci,node1bddedfa437e602397cc8779e6f8673e_<http://www.imdb.com/title/tt0082210/>,El crack,José Luis Garci
Q5352401,El crack,José Luis Garci,node184dd975d92cbb8da56c51e2c4fe2dc1_<http://www.fulltv.com.ar/peliculas/el-crack.html>,El crack,José Martínez Suárez
Q6358749,Kamli,K. N. T. Sastry,node4ac2ca84d9e26b9c5723511e84d4684_<http://musicmazaa.com/telugu/audiosongs/movie/Kamli.html>,Kamli,http://musicmazaa.com/telugu/audiosongs/movie/Kamli.html/#K.N.T.+Sastry
Q6358749,Kamli,K. N. T. Sastry,nodeb6f79ecfea126c621b6ec35ff6e769_<http://www.lyricsmasti.com/song/3992/get_lyrics_of_Kamli-Kamli.html>,Kamli Kamli,Aadesh Shrivastava
Q6358749,Kamli,K. N. T. Sastry,noded552b75759c84abb4293b3506042fe1_<http://musicmazaa.com/punjabi/audiosongs/movie/Kamli+Hoyee.html>,Kamli Hoyee,
Q4921036,Black Irish,Brad Gann,node2d3c2b761e73c36ffb1471381f6cdd_<http://www.nytimes.com/movies/movie/388121/Black-Irish/overview>,Black Irish,Brad Gann
Q4921036,Black Irish,Brad Gann,node999e6cfece1af6244e97ed4813805a1d_<http://www.traileraddict.com/black-irish>,Black Irish,Brad Gann
Q4921036,Black Irish,Brad Gann,nodeefabc3baca78e4377c342a59e71924c_<http://www.traileraddict.com/black-irish/trailer>,Black Irish,
Q4921036,Black Irish,Brad Gann,node7830f7319e61128b3d1955a1ed28530_<http://www.locatetv.com/movie/black-irish/994720>,Black Irish - Movie (2006) | LocateTV,
Q7758894,The Quarrel,Eli Cohen,node1234362bac14119f72a61b603210e272_<http://www.movieposterdb.com/movie/0105200/The-Quarrel.html>,The Quarrel,
Q7758894,The Quarrel,Eli Cohen,node1aaaf23b1ced0954ab911cd49137114_<http://www.nytimes.com/movies/movie/119277/The-Quarrel/overview>,The Quarrel,Eli Cohen
Q7758894,The Quarrel,Eli Cohen,node25332c717a9a9e5dcc41f1112adb5dce_<http://www.imdb.com/title/tt0105200/>,The Quarrel,Eli Cohen
Q7758894,The Quarrel,Eli Cohen,node90aa7d1d55fa2d6746e876c1328652_<http://www.movierevie.ws/movies/1097424/The-Quarrel.html>,The Quarrel Movie Review 1993,
Q5227709,Zatoichi on the Road,Kimiyoshi Yasuda,nodeed82197532d0ff372d5bfbbc3a31548_<http://www.imdb.com/title/tt0057714/>,"""Zatôichi kenka-tabi"" (original title) Zatoichi on the Road",Kimiyoshi Yasuda
Q16774884,Dead of Winter,,node2d95cd9c3b585a7c5f8c48607b595aa2_<http://www.imdb.com/title/tt0092842/?ref_=nm_flmg_msc_8>,Dead of Winter,Arthur Penn
Q16774884,Dead of Winter,,node5198d6d2564e934bafb9e4f3a6c4f11_<http://bigscreen.com/NowShowing.php?movie=104477&view=media>,Dead of Winter,
Q16774884,Dead of Winter,,nodeeb829bf8f7b6b9f27c79c2b842675efc_<http://bigscreen.com/NowShowing.php?movie=104477&view=sched>,Dead of Winter,Arthur Penn
Q16774884,Dead of Winter,,node76a4a3efe51650d6ead4219f93ab26b_<http://bigscreen.com/NowShowing.php?movie=104477>,Dead of Winter,Arthur Penn
Q16774884,Dead of Winter,,node6f2e3f8a8a3e7dc28cf4434dfb3311_<http://www.movieposterdb.com/poster/c9051f2c>,Dead of Winter,Arthur Penn
Q16774884,Dead of Winter,,noded65128adc34d81a41a6d728c7f717d_<http://www.imdb.com/title/tt2139793/>,Dead of Winter,
Q16774884,Dead of Winter,,node492fbbacf82121f62694289a6693ab5_<http://www.imdb.com/title/tt0092842/?ref_=nm_flmg_act_101>,Dead of Winter,Arthur Penn
Q16774884,Dead of Winter,,node68bdfb119f284e9f87c1d8c5fe310a5_<http://www.nytimes.com/movies/movie/12735/Dead-of-Winter/overview>,Dead of Winter,Arthur Penn
Q16774884,Dead of Winter,,node177091d1b5af62f85495977f7db24db_<http://www.movieposterdb.com/poster/3f0792ff>,Dead of Winter,Arthur Penn
Q16774884,Dead of Winter,,node53fbe95a239d928837417d53ca593d8_<http://www.movieposterdb.com/poster/155c7671>,Dead of Winter,Arthur Penn
Q16774884,Dead of Winter,,node42c31ca8a06e42dd60d7cbad6245b0a_<http://www.rogerebert.com/reviews/dead-of-winter-1987>,Dead of Winter (1987),Arthur Penn
Q16774884,Dead of Winter,,b0,Now is Good Almost Married (2014) Dead Of Winter Road to Perdition Two Hats Sesame Street: The Best of Elmo 2 [SS-Eclipse] Shakugan no Shana S - 03 [480p] [h264] Mr. Warmth: The Don Rickles Project Austenland Jillian Michaels: 6 Week Six-Pack Lethal Weapon 4 Class Act The Descent - Part 2 A Stranger Among Us Elegant Angel Swallow My Squirt 2 [SPLIT SCENES] Toy Story Evidence of a Haunting Cop Out Hairbrained Bones Clerks Inside Job Nobody Walks Paranormal Activity 3 Extended Version Warm Bodies Lady And The Tramp Snow Day DCU: Batman: Assault on Arkham Sisterhood of the Traveling Pants 2 Josh and S.A.M. James Bond - Der Mann mit dem goldenen Colt Olympus Has Fallen Pay It Forward Waiting for 'Superman' Frozen (Plus Bonus Features) Petticoat Junction TV Kolya (English Subtitled) CANLI TVX My Dad's Six Wives The Matrix Leaves of Grass Kinky Boots Senior Skip Day Disney Princess Enchanted Tales: Follow Your Dream The 40 Year-old Virgin Bikini Destinations Lima Peru Final Fantasy: The Spirits Within J. Edgar Rugrats Go Wild Homies Dating Lanzelot Cartagena Hawaiian Vacation (Short) Polskie uczennice e21 - Karolina - Szybka akcja w internacie.mp4 The Blue Angel (Kino Restored Edition) (English Subtitled) Solaris filmSPOT There Will Be Blood The Iron Lady The Object Of My Affection,b8 b9 b2 b6 b4 b11 b7 b10 b3 b5
Q16774884,Dead of Winter,,b0,"Veronica Mars Anchorman 2: The Legend Continues Alex Cross Deadfall The Jungle Book - Animated (1967) Eine pornografische Beziehung 4.3.2.1. Chocolat You're Rejected Leap Year JACKASS PRESENTS: BAD GRANDPA Love Wrecked The Other Guys Zodiac The Da Vinci Code 50/50 White Zombie Nowhere Boy Enemy Of The State American Outlaws The Long Goodbye The Man From Earth The Mortal Instruments: City of Bones 30 Minutes Or Less The Armstrong Lie Oslo, August 31st Taxi Driver Rounders The Battery Rear Window Grossstadtklein Filth Hoosiers Law Abiding Citizen The Appearing Byzantium Tinker Tailor Soldier Spy Kindsköpfe 2 Twenty Bucks 009 Re: Cyborg Indian Porn Videos Kick-Ass Stille Nacht - Das Weihnachtswunder Non-Stop The Bling Ring Sense and Sensibility Whatever Works Indian Sex Videos Sherlock Holmes: A Game Of Shadows Hideaway Monty Python And The Holy Grail Starlet Insidious A Burning Hot Summer (English Subtitled) Gosford Park Predators Cry Of The Banshee Underworld Awakening A Royal Affair (English Subtitled) Justin and the Knights of Valour Snow White: A Tale of Terror Eine Dunkle Begierde The Sapphires King of New York National Treasure: Book Of Secrets Swing Time Little Miss Sunshine Wreck-It Ralph Paranorman Die Kleinen Superstrolche Retten Den Tag Mildred Pierce SPORTSKOOL - Hockey Basics Identity Thief The Secret Village Chicken Run - Hennen rennen Die Lincoln Verschwörung Charlie Rose - Charlie Rose Brain Series 2 Episode 1 (November 3, 2011) The Little Vampire Bandits Blind Horizon Für eine Handvoll Dollar",b2 b4 b3 b5
Q4031261,4.3.2.1,Noel Clarke,b0,Now is Good Almost Married (2014) Dead Of Winter Road to Perdition Two Hats Sesame Street: The Best of Elmo 2 [SS-Eclipse] Shakugan no Shana S - 03 [480p] [h264] Mr. Warmth: The Don Rickles Project Austenland Jillian Michaels: 6 Week Six-Pack Lethal Weapon 4 Class Act The Descent - Part 2 A Stranger Among Us Elegant Angel Swallow My Squirt 2 [SPLIT SCENES] Toy Story Evidence of a Haunting Cop Out Hairbrained Bones Clerks Inside Job Nobody Walks Paranormal Activity 3 Extended Version Warm Bodies Lady And The Tramp Snow Day DCU: Batman: Assault on Arkham Sisterhood of the Traveling Pants 2 Josh and S.A.M. James Bond - Der Mann mit dem goldenen Colt Olympus Has Fallen Pay It Forward Waiting for 'Superman' Frozen (Plus Bonus Features) Petticoat Junction TV Kolya (English Subtitled) CANLI TVX My Dad's Six Wives The Matrix Leaves of Grass Kinky Boots Senior Skip Day Disney Princess Enchanted Tales: Follow Your Dream The 40 Year-old Virgin Bikini Destinations Lima Peru Final Fantasy: The Spirits Within J. Edgar Rugrats Go Wild Homies Dating Lanzelot Cartagena Hawaiian Vacation (Short) Polskie uczennice e21 - Karolina - Szybka akcja w internacie.mp4 The Blue Angel (Kino Restored Edition) (English Subtitled) Solaris filmSPOT There Will Be Blood The Iron Lady The Object Of My Affection,b8 b9 b2 b6 b4 b11 b7 b10 b3 b5
Q4031261,4.3.2.1,Noel Clarke,b0,"Veronica Mars Anchorman 2: The Legend Continues Alex Cross Deadfall The Jungle Book - Animated (1967) Eine pornografische Beziehung 4.3.2.1. Chocolat You're Rejected Leap Year JACKASS PRESENTS: BAD GRANDPA Love Wrecked The Other Guys Zodiac The Da Vinci Code 50/50 White Zombie Nowhere Boy Enemy Of The State American Outlaws The Long Goodbye The Man From Earth The Mortal Instruments: City of Bones 30 Minutes Or Less The Armstrong Lie Oslo, August 31st Taxi Driver Rounders The Battery Rear Window Grossstadtklein Filth Hoosiers Law Abiding Citizen The Appearing Byzantium Tinker Tailor Soldier Spy Kindsköpfe 2 Twenty Bucks 009 Re: Cyborg Indian Porn Videos Kick-Ass Stille Nacht - Das Weihnachtswunder Non-Stop The Bling Ring Sense and Sensibility Whatever Works Indian Sex Videos Sherlock Holmes: A Game Of Shadows Hideaway Monty Python And The Holy Grail Starlet Insidious A Burning Hot Summer (English Subtitled) Gosford Park Predators Cry Of The Banshee Underworld Awakening A Royal Affair (English Subtitled) Justin and the Knights of Valour Snow White: A Tale of Terror Eine Dunkle Begierde The Sapphires King of New York National Treasure: Book Of Secrets Swing Time Little Miss Sunshine Wreck-It Ralph Paranorman Die Kleinen Superstrolche Retten Den Tag Mildred Pierce SPORTSKOOL - Hockey Basics Identity Thief The Secret Village Chicken Run - Hennen rennen Die Lincoln Verschwörung Charlie Rose - Charlie Rose Brain Series 2 Episode 1 (November 3, 2011) The Little Vampire Bandits Blind Horizon Für eine Handvoll Dollar",b2 b4 b3 b5
Q4749729,An Adventure in Space and Time,Terry McDonough,node1d1990673a592387a87958df4798b880_<http://www.allocine.fr/film/fichefilm_gen_cfilm=211274.html>,An Adventure In Space and Time,Terry McDonough
Q4749729,An Adventure in Space and Time,Terry McDonough,nodecffd3129221d51214f45d6d31c5a11_<http://ver-pelis.net/pelicula/del-2013/pagina2/>,An Adventure in Space and Time,
Q4749729,An Adventure in Space and Time,Terry McDonough,node7da583254c8f26e07e9dea5bdc38a4f_<http://www.zap2it.com/movie/an-adventure-in-space-and-time/MV005268360000?aid=zap2it>,An Adventure in Space and Time,
Q4749729,An Adventure in Space and Time,Terry McDonough,nodebbc844bc7f773a29dd9e66081b2bd92_<http://xfinitytv.comcast.net/watch/An-Adventure-in-Space-and-Time/5096985101457234112/movies>,An Adventure in Space and Time,
Q6945251,My Dear Marthandan,Prathap K. Pothan,node72dfd2d837f64fac2ad2ebe822a75023_<http://www.apunkachoice.com/titles/myd/my-dear-marthandan/mid_31283/>,My Dear Marthandan,http://www.apunkachoice.com/names/pra/prathap_k_pothan/cid_333106/
Q1270632,After Stonewall,John Scagliotti,nodeabd94e9d4e952fa5459d60d3dc133525_<http://www.nytimes.com/movies/movie/188185/After-Stonewall/overview>,After Stonewall,John Scagliotti
Q1270632,After Stonewall,John Scagliotti,nodeb2b16369d096d2365beceea52614417e_<http://www.imdb.com/title/tt0244955/>,After Stonewall,John Scagliotti
Q1270632,After Stonewall,John Scagliotti,nodeeef64fe6fe82ed1335354bd778ab225_<http://www.imdb.com/title/tt0244955/>,After Stonewall,John Scagliotti
Q1270632,After Stonewall,John Scagliotti,node9aecdc6c59bdc3c0fbfb507452f6932f_<http://www.imdb.com/title/tt0244955/releaseinfo?ref_=tt_ql_9>,After Stonewall (1999),
Q7367373,Rosario,Miguel Zacarías,node0d59843c35a92546823da2209df825_<http://www.imdb.com/title/tt1733275/?ref_=nm_flmg_msdp_31>,Rosario,Albert Martinez
Q7367373,Rosario,Miguel Zacarías,nodeb4b5809388edf02ddbf8195343457d46_<http://www.themoviedb.org/movie/10810-rosario-tijeras>,Rosario Tijeras,Emilio Maillé
Q7367373,Rosario,Miguel Zacarías,nodefd3951c696846c707b7224d8b25f2fb_<http://chauthanh.info/manga/view/rosario-vampire.html>,Rosario Vampire,
Q7367373,Rosario,Miguel Zacarías,node8e67ce7991196d4af73cd7215be3ffe8_<http://www.filmesdetv.com/rosario-tijeras.html>,Rosario Tijeras,Emilio Maillé
Q7367373,Rosario,Miguel Zacarías,node1bf998e495661abac3ebbfe9a5e18_<http://www.fulltv.com.ar/peliculas/rosario-tijeras.html>,Rosario Tijeras,Emilio Maillé
Q7367373,Rosario,Miguel Zacarías,node761891e492090fec5f632186af963d_<http://www.ovguide.com/rosario-tijeras-9202a8c04000641f8000000000bae474>,Rosario Tijeras,
Q7367373,Rosario,Miguel Zacarías,nodefa52accf13ceed15c56b6ef6265b2e8_<http://www.imdb.com/title/tt0382271/>,Rosario Tijeras,Emilio Maillé
Q7367373,Rosario,Miguel Zacarías,node4875e8d0843a5aa3bbc255a92b511b4_<http://www.imdb.com/title/tt0102549/>,Nocturno a Rosario,Matilde Landeta
Q7367373,Rosario,Miguel Zacarías,nodef43d64b4d0ac95eeaee71d17f07b875e_<http://animekun.ru/search/%D0%B0%D0%BD%D0%B8%D0%BC%D0%B5%20%D0%BA%D0%BE%D0%BC%D0%B5%D0%B4%D0%B8%D1%8F%20%D1%80%D0%BE%D0%BC%D0%B0%D0%BD%D1%82%D0%B8%D0%BA%D0%B0%20%D0%BC%D0%B8%D1%81%D1%82%D0%B8%D0%BA%D0%B0/>,Розарио + Вампир / Rosario + Vampire,
Q7367373,Rosario,Miguel Zacarías,node8277daa861deff95e0c664f3453cedaf_<http://www.juvmovies.com/la-peliculas-xxx-de-rosario-escobar.htm>,la peliculas xxx de rosario escobar,
Q7367373,Rosario,Miguel Zacarías,noded7eb2409113385819de3b58f8b990e5_<http://www.mejane.com/films/detail/19622/Zookeeper.html>,Kevin James Frank Coraci Rosario Dawson Zookeeper Leslie Bibb,http://www.mejane.com/films/detail/19622/Zookeeper.html//films/cast/2995/Frank-Coraci.html
Q7367373,Rosario,Miguel Zacarías,nodebcbe7715c950e0691517de472af5629_<http://www.aullidos.com/pelicula.asp?id_pelicula=9050>,TRANCE (2013) Vincent Cassel James McAvoy Rosario Dawson Danny Boyle,
Q7367373,Rosario,Miguel Zacarías,"node5417377327dcfc8a1bb9efc5b3838a_<http://www.commeaucinema.com/film/trance-thriller,259587>",Vincent Cassel Trance Rosario Dawson James Mcavoy Danny Boyle,
Q7367373,Rosario,Miguel Zacarías,node4b1e1a1d2b7cea78a7e58a990acb2d6_<http://mrstiff.es/buscar/straight/spanish>,http://mrstiff.es/buscar/straight/spanish//pelicula/horny-spanish-flies-rosario-ston-472081,
Q7367373,Rosario,Miguel Zacarías,"noded6f5145da389e8f4f77d7d78153f78eb_<http://www.commeaucinema.com/film/bienvenue-dans-la-jungle-action,15890>",Rosario Dawson Seann William Scott Peter Berg Christopher Walken Bienvenue dans la jungle The Rock,
Q7367373,Rosario,Miguel Zacarías,node96469dda8021321bbccfcf2888021d8_<http://www.aullidos.com/pelicula.asp?id_pelicula=5805>,Erica Cerra Sean Bean Catherine Keener Melina Kanakaredes Brandon T. Jackson Uma Thurman Pierce Brosnan Rosario Dawson Steve Coogan PERCY JACKSON Y EL LADRï¿½N DEL RAYO (2010) Logan Lerman Chris Columbus Craig Titley (Novela: Rick Riordan) Joe Pantoliano Kevin McKidd,
Q3232718,The Gay Sisters,Irving Rapper,node91e9f8a7ca4544a14f22e7b16ac1e5b_<http://www.imdb.com/title/tt0034770/?ref_=nm_flmg_act_190>,The Gay Sisters,Irving Rapper
Q3232718,The Gay Sisters,Irving Rapper,noded6c82c119dc691566665a9db1019d091_<http://www.nytimes.com/movies/movie/92769/The-Gay-Sisters/overview>,The Gay Sisters,Irving Rapper
Q6470185,Lady Gangster,Robert Florey,nodea0cdb59badf3aa746e8ebadc6feecdf_<http://www.nytimes.com/movies/movie/98484/Lady-Gangster/overview>,Lady Gangster,Robert Florey
Q6470185,Lady Gangster,Robert Florey,noded0ac79491d1c4fce1860d1c4e3d6816e_<http://www.watchfreemovies.ch/watch-movies/1942/watch-lady-gangster-144050/>,Lady Gangster,Robert Florey
Q6470185,Lady Gangster,Robert Florey,nodeaa13729d1ece89e785ea5cd7aaae80_<http://www.themoviedb.org/movie/23107-lady-gangster>,Lady Gangster,Robert Florey
Q584057,Free Willy 2: The Adventure Home,Dwight H. Little,nodefa5d21858f557b5c4c5b82b54c3f43_<http://www.imdb.com/title/tt0113114/?ref_=nm_knf_i4>,Free Willy 2: The Adventure Home,Dwight H. Little
Q584057,Free Willy 2: The Adventure Home,Dwight H. Little,node35ecd2319d9f66cd55a620183ca817_<http://www.imdb.com/title/tt0113114/>,Free Willy 2: The Adventure Home,Dwight H. Little
Q584057,Free Willy 2: The Adventure Home,Dwight H. Little,node9829978c2d2430e51d77ff72621ae3b_<http://www.imdb.com/title/tt0113114/>,Free Willy 2: The Adventure Home,Dwight H. Little
Q584057,Free Willy 2: The Adventure Home,Dwight H. Little,nodef5fe51bbaec0e16b697b61472276a9d9_<http://parentpreviews.com/movie-reviews/review/free-willy-2-the-adventure-home>,Free Willy 2: The Adventure Home,
Q584057,Free Willy 2: The Adventure Home,Dwight H. Little,node915746665d17c363d784ca829aa12_<http://parentpreviews.com/movie-reviews/review/free-willy-2-the-adventure-home>,Free Willy 2: The Adventure Home,
Q584057,Free Willy 2: The Adventure Home,Dwight H. Little,node1ad96f134098e8ebdec3ed741a921fd_<http://www.fandango.com/freewilly2:theadventurehome_32155/movieoverview>,Free Willy 2: The Adventure Home,Michael J. McAlister Dwight H. Little
Q584057,Free Willy 2: The Adventure Home,Dwight H. Little,nodec05e51a448f3849524b451ec898d1f9_<http://www.nytimes.com/movies/movie/134937/Free-Willy-2-The-Adventure-Home/overview>,Free Willy 2: The Adventure Home,Conrad Palmisano Michael J. McAlister Dwight Little
Q584057,Free Willy 2: The Adventure Home,Dwight H. Little,node7dc8d1aa4f3152b45649c1d4ded4fe9e_<http://www.zap2it.com/movie/free-willy-2-the-adventure-home/MV000428780000>,Free Willy 2: The Adventure Home,
Q584057,Free Willy 2: The Adventure Home,Dwight H. Little,nodef79a6e91ffed78ed2a7b7416c543b_<http://www.imdb.com/title/tt0113114/trivia?tab=mc>,Free Willy 2: The Adventure Home (1995),
Q584057,Free Willy 2: The Adventure Home,Dwight H. Little,nodec96365a0e6984eea5b65b3222134e42d_<http://www.listal.com/movie/free-willy-2-adventure-home>,Free Willy 2: The Adventure Home (1995),
Q4976538,Brownies,Hanung Bramantyo,nodecb8ae1a143f1c6be231c17e884797e_<http://www.imdb.com/title/tt1053226/>,Brownies,Hanung Bramantyo
Q4976538,Brownies,Hanung Bramantyo,nodea2785c862ac9bb1667118e9f7bb43d3_<http://www.movieposterdb.com/movie/1053226/Brownies.html>,Brownies,
Q4031261,4.3.2.1,Noel Clarke,node6366528e777c34dbb32f9b7b6a624e0_<http://www.traileraddict.com/4-3-2-1/dvd-tv-spot>,4.3.2.1,
Q4031261,4.3.2.1,Noel Clarke,node6b66cafda3dc671cfc21ac6bc94eec1_<http://www.dvdreleases.org/drama/4-3-2-1/>,4.3.2.1,
Q4031261,4.3.2.1,Noel Clarke,node309876d2a68e4deedf8b4f3d7c942c67_<http://www.redbox.com/movies/4321>,4.3.2.1.,Noel Clarke
Q4031261,4.3.2.1,Noel Clarke,nodeb493a549d0c82f884c6d25c9351fc73_<http://www.nytimes.com/movies/movie/461908/4-3-2-1/overview>,4.3.2.1,Noel Clarke Mark Davis
Q4031261,4.3.2.1,Noel Clarke,node1073626fefe142d99ee3835b0207f2e_<http://www.movieposterdb.com/poster/404977cc>,4.3.2.1,Noel Clarke
Q4031261,4.3.2.1,Noel Clarke,nodebc8b315ba163db243b0cf39c583a211_<http://www.movieposterdb.com/poster/b2bcc775>,4.3.2.1,Noel Clarke
Q4031261,4.3.2.1,Noel Clarke,node9fa914868042a436fd5f1a822b10e75d_<http://www.traileraddict.com/4-3-2-1->,4.3.2.1,Noel Clarke Mark Davis
Q4031261,4.3.2.1,Noel Clarke,node73a9ce28707b6f9faef2b3949f6938f_<http://www.movieposterdb.com/poster/c253a376>,4.3.2.1,Noel Clarke
Q4031261,4.3.2.1,Noel Clarke,node44424157d71cbc9df85beb41276e0cb_<http://www.movieposterdb.com/poster/8c5593ae>,4.3.2.1,Noel Clarke
Q4031261,4.3.2.1,Noel Clarke,node1a3c99b28f13c7b2301c228e1f478_<http://trakt.tv/movie/4321-2010>,4.3.2.1,
Q4031261,4.3.2.1,Noel Clarke,node9a3643cbf92fb9aa0c2c121c522e8ad_<http://www.imdb.com/title/tt1514041/releaseinfo>,4.3.2.1. (2010),
Q4031261,4.3.2.1,Noel Clarke,node5ddf495de88978b21378cba2dafad77_<http://bestkino.su/2011/02/4-3-2-1/>,4.3.2.1 смотреть онлайн,Ноэль Кларк
Q309621,The Mask of Zorro,Martin Campbell,node389db7e7f67deca9188a87dd93143f5_<http://www.imdb.com/title/tt0120746/?ref_=nm_flmg_eddp_1>,The Mask of Zorro,Martin Campbell
Q309621,The Mask of Zorro,Martin Campbell,node1da48b61cb7be8453ed4bdd18f838079_<http://www.apunkachoice.com/titles/the/the-mask-of-zorro/mid_25701/fanclub/>,The Mask of Zorro,http://www.apunkachoice.com/names/mar/martin_campbell/cid_74151/
Q309621,The Mask of Zorro,Martin Campbell,node307d45eea609eec85979e2f3823b84d_<http://xfinitytv.comcast.net/watch/The-Mask-of-Zorro/5032029843226834112/movies?locale=en>,The Mask of Zorro,
Q309621,The Mask of Zorro,Martin Campbell,node2c78f98c1bb6c57043f8d8a165b4ca2_<http://www.filmesdetv.com/the-mask-of-zorro.html>,The Mask of Zorro,Martin Campbell
Q309621,The Mask of Zorro,Martin Campbell,node3280799c5b67db9cafa2b387c8c9542a_<http://www.nytimes.com/movies/movie/158887/The-Mask-Of-Zorro/overview>,The Mask of Zorro,
Q309621,The Mask of Zorro,Martin Campbell,nodea62fbf2e83b862eb30c398d6fc9ceaa1_<http://www.movieposterdb.com/movie/0120746/The-Mask-Of-Zorro.html>,The Mask Of Zorro,Martin Campbell
Q309621,The Mask of Zorro,Martin Campbell,node4fe82aa1b7c615b4e0985b2f857071ae_<http://www.hollywood.com/movies/166270/the-mask-of-zorro>,The Mask of Zorro,Glenn Randall Jr. Martin Campbell
Q309621,The Mask of Zorro,Martin Campbell,node5edbcb18a28586b5b11fb7cb28a0c4_<http://www.zap2it.com/movie/the-mask-of-zorro/MV000608700000?aid=zap2it>,The Mask of Zorro,
Q309621,The Mask of Zorro,Martin Campbell,node3316da1af6c774dcc7927f78b2b1cd3f_<http://www.imdb.com/title/tt0120746/?ref_=nm_knf_i1>,The Mask of Zorro,Martin Campbell
Q309621,The Mask of Zorro,Martin Campbell,node33b08d75fbc4e190aa48e6e6185dbb57_<http://www.guidafilm.com/the-mask-of-zorro.html>,The Mask of Zorro,Martin Campbell
Q309621,The Mask of Zorro,Martin Campbell,node9791727a46de41a8955f9829a985b19_<http://www.imdb.com/title/tt0120746/>,The Mask of Zorro,Martin Campbell
Q309621,The Mask of Zorro,Martin Campbell,node234353c2b453a4c4836abc124a3c79ac_<http://www.imdb.com/title/tt0120746/>,The Mask of Zorro,Martin Campbell
Q309621,The Mask of Zorro,Martin Campbell,nodedc96fcbffa2bf6f16f7d948c96551ff_<http://www.imdb.com/title/tt0120746/>,The Mask of Zorro,Martin Campbell
Q309621,The Mask of Zorro,Martin Campbell,node9e8a2aca618ed85bf2eafb9a329209f_<http://www.movieposterdb.com/poster/a6c54fb5>,The Mask Of Zorro,Martin Campbell
Q309621,The Mask of Zorro,Martin Campbell,node328b0142f34272a4b50b80a97e50c1_<http://www.imdb.com/title/tt0120746/?ref_=nm_flmg_spl_12>,The Mask of Zorro,Martin Campbell
Q309621,The Mask of Zorro,Martin Campbell,node40c81d5e8e444028e23bd99c4f4f3fa2_<http://www.apunkachoice.com/titles/the/the-mask-of-zorro/mid_25701/>,The Mask of Zorro,http://www.apunkachoice.com/names/mar/martin_campbell/cid_74151/
Q309621,The Mask of Zorro,Martin Campbell,node15f13a94739633aa9af51d157423f2f4_<http://www.apunkachoice.com/titles/the/the-mask-of-zorro/mid_25701/synopsis/>,The Mask of Zorro,http://www.apunkachoice.com/names/mar/martin_campbell/cid_74151/
Q309621,The Mask of Zorro,Martin Campbell,node6455525d66a5a57de3a7d5b913f9d9e_<http://www.metacritic.com/movie/the-mask-of-zorro?recent-sort=userscore>,The Mask of Zorro,Martin Campbell
Q309621,The Mask of Zorro,Martin Campbell,node5061eacfb01ced919d83d31f929732f6_<http://www.imdb.com/title/tt0120746/?ref_=nm_flmg_vsl_1>,The Mask of Zorro,Martin Campbell
Q309621,The Mask of Zorro,Martin Campbell,node29bd852abd58c2b21a70f1acae71f093_<http://www.movieposterdb.com/poster/ed4d7d42>,The Mask Of Zorro,Martin Campbell
Q309621,The Mask of Zorro,Martin Campbell,node9939b35f197d96215464f1724c1cdc6_<http://xfinitytv.comcast.net/watch/The-Mask-of-Zorro/5032029843226834112/movies?locale=es_US>,The Mask of Zorro,
Q309621,The Mask of Zorro,Martin Campbell,node488fb63f675dcbc9382df3448d91e4_<http://parentpreviews.com/movie-reviews/review/mask-of-zorro>,The Mask Of Zorro,
Q309621,The Mask of Zorro,Martin Campbell,node2630d61ea4f09575c1fa18448e831e2_<http://www.fulltvfilms.com/the-mask-of-zorro.html>,The Mask of Zorro,Martin Campbell
Q309621,The Mask of Zorro,Martin Campbell,node41d2eb163d2b534ade7a2087ea5aa6_<http://www.traileraddict.com/mask-of-zorro>,The Mask of Zorro,Martin Campbell
Q309621,The Mask of Zorro,Martin Campbell,node9b62b7984b2e3ddc157996e4bd0b_<http://www.the-numbers.com/movie/Mask-of-Zorro>,The Mask of Zorro,Martin Campbell
Q309621,The Mask of Zorro,Martin Campbell,node1d42ba7c911498a11e4d8debd1e3dcb0_<http://www.subs4movies.com/movie-subtitles/the-mask-of-zorro-1998/s4md3eba0905/Greek>,The Mask of Zorro (1998),Martin Campbell
Q309621,The Mask of Zorro,Martin Campbell,nodeceb9f8758efff10c8f83b227967a1bf_<http://www.imdb.com/title/tt0120746/trivia>,The Mask of Zorro (1998),
Q309621,The Mask of Zorro,Martin Campbell,node43498638d5f5b36c4fd1d3b2e153b_<http://www.rogerebert.com/reviews/the-mask-of-zorro-1998>,The Mask of Zorro (1998),
Q309621,The Mask of Zorro,Martin Campbell,node7a1de6f3c86beba4bd94d6a51143d8_<http://www.imdb.com/title/tt0059950/>,"""El Zorro cabalga otra vez"" (original title) Behind the Mask of Zorro",Ricardo Blasco
Q2819612,AYA,,node768632a433a05de3e73e213aa71961b0_<http://www.hollywood.com/movies/55664726/aya>,Aya,Solrun Hoaas
Q2819612,AYA,,nodee4b9b4e01f1a19f576fcaae2129d42ab_<http://www.movieposterdb.com/movie/2326094/Aya.html>,Aya,
Q2819612,AYA,,nodea54ed676bc7c4aa336ee9625094731_<http://www.fulltvfilms.com/aya-de-yopougon.html>,Aya de Yopougon,Marguerite Abouet et Clement Oubrerie
Q2819612,AYA,,nodee29243736845789586e79f15e4f5c5d_<http://animekun.ru/search/%D0%BD%D0%B5%D0%B1%D0%BE%20%D0%B8%20%D0%B7%D0%B5%D0%BC%D0%BB%D1%8F%202%20%D1%81%D0%B5%D0%B7%D0%BE%D0%BD/>,Хисакава Ая / Hisakawa Aya,
Q2819612,AYA,,nodeb26cfba3117b8f505c854c9186302db2_<http://www.allocine.fr/film/fichefilm_gen_cfilm=194895.html>,Aya de Yopougon,Clément Oubrerie Marguerite Abouet
Q2819612,AYA,,node6d15c9cbadec6b849beb55ebebf396d7_<http://www.bcdb.com/cartoon-story/137517-Aya_de_Yopougon>,Aya de Yopougon,
Q2819612,AYA,,nodef4d1933e6255a523e7204fdb70898082_<http://vipphim.net/hoi-phap-su/>,Shinji Ishihira Tetsuya Kakihara Akira Ishida Aya Hirano,
Q2819612,AYA,,node63953b43aa96e6536356c76a3f4d57_<http://mrstiff.es/site/javhq.com>,http://mrstiff.es/site/javhq.com//pelicula/engrasado-encima2c-aya-sakuraba--21366131,
Q2819612,AYA,,node80dfb73f55d81d3fee8b42fa8c9b8a3_<http://twomovies.us/watch_movie/Aya_Sawan_Jhoom_Ke>,Watch Aya Sawan Jhoom Ke movie online for free,http://twomovies.us/actor_director/Raghunath_Jhalani
Q2819612,AYA,,nodee072b492354ed4181deae9ce45428_<http://mrstiff.es/buscar/straight/japones-abuelas>,http://mrstiff.es/buscar/straight/japones-abuelas//pelicula/japone9s-abuelas-aya-sakuma-2066280,
Q2819612,AYA,,node7ba54e8f86c787c5f316bbe1f4f5962b_<http://mrstiff.es/buscar/straight/abuelas-japan>,http://mrstiff.es/buscar/straight/abuelas-japan//pelicula/abuelas-japonesas-aya-sakuma-13487266,
Q4682851,Adimai Penn,K. Shankar,node5abc4a224b3e96e26a828273ee8858e_<http://www.imdb.com/title/tt0317056/>,"""Adimai Penn"" (original title) Slave Women",K. Shankar
Q5099826,China O'Brien II,Robert Clouse,node278d322bec971e77df72793e80939f72_<http://www.nytimes.com/movies/movie/433577/China-O-Brien-II/overview>,China O'Brien II,Robert Clouse
Q383844,Rollerball,John McTiernan,node5b4db37b489795d22f77b6f467fb5fa_<http://www.imdb.com/title/tt0073631/>,Rollerball,Norman Jewison
Q383844,Rollerball,John McTiernan,node3e3d460ad7ba3620d41d634aa8aa21_<http://www.nytimes.com/movies/movie/41954/Rollerball/overview>,Rollerball,Norman Jewison
Q383844,Rollerball,John McTiernan,nodefcccee580759e61faf5de53a590f742_<http://www.zap2it.com/movie/rollerball/MV000079950000>,Rollerball,
Q383844,Rollerball,John McTiernan,nodeead75638d56dacc63a6223796cf33_<http://www.allocine.fr/film/fichefilm_gen_cfilm=26854.html>,Rollerball,John McTiernan
Q383844,Rollerball,John McTiernan,node4c7a546d864022cc4c6dc4329a5952_<http://www.interfilmes.com/filme_14362_Rollerball-(Rollerball).html>,Rollerball,John McTiernan
Q383844,Rollerball,John McTiernan,node70851b47549e671267f368ef8607bb_<http://www.hollywood.com/movies/231101/rollerball>,Rollerball,Norman Jewison
Q383844,Rollerball,John McTiernan,nodeeeed93f9f66ad2c19f61d5d85bf491d_<http://www.movieposterdb.com/movie/0246894/Rollerball.html>,Rollerball,John McTiernan
Q383844,Rollerball,John McTiernan,nodec5f68dfd3e36bd8eb5bfcfae13f1dff_<http://www.imdb.com/title/tt0246894/?ref_=nm_flmg_msc_5>,Rollerball,John McTiernan
Q383844,Rollerball,John McTiernan,nodee58959b63fa18ce14de2c7bb4f99f6bb_<http://www.fandango.com/rollerball_27981/movieoverview>,Rollerball,
Q383844,Rollerball,John McTiernan,node1fc8c09f25548e6b1b35fc2379abfad_<http://www.movieposterdb.com/poster/301d486c>,Rollerball,Norman Jewison
Q383844,Rollerball,John McTiernan,nodee7b2b0e0a3ca95ba1cb9bfb08573235_<http://www.imdb.com/title/tt0246894/?ref_=nm_flmg_act_16>,Rollerball,John McTiernan
Q383844,Rollerball,John McTiernan,node23941243707c74689bf2ebd1859ae728_<http://www.movieposterdb.com/poster/4fb6602d>,Rollerball,Norman Jewison
Q383844,Rollerball,John McTiernan,nodee85e910e1c3fd14ed28eab7f5f32eea_<http://www.hollywood.com/movies/377078/rollerball>,Rollerball,John McTiernan
Q383844,Rollerball,John McTiernan,nodeba13c50de5efa711ded1d18adb2c3df_<http://www.movieposterdb.com/movie/0073631/Rollerball.html>,Rollerball,Norman Jewison
Q383844,Rollerball,John McTiernan,nodee0cbb2b2e60629da7ff2fca2fe1e7_<http://www.movieposterdb.com/poster/e2eeae04>,Rollerball,John McTiernan
Q383844,Rollerball,John McTiernan,node775b95bce4a4d5697fa2ddf26a7dfd9_<http://www.imdb.com/title/tt0246894/>,Rollerball,John McTiernan
Q383844,Rollerball,John McTiernan,nodec1e1c6b5be49774953397662f51d2a71_<http://www.imdb.com/title/tt0246894/>,Rollerball,John McTiernan
Q383844,Rollerball,John McTiernan,nodeaa198ce722ede755c97fbea18bbe7c2a_<http://www.rogerebert.com/reviews/rollerball-2002>,Rollerball (2002),John McTiernan
Q383844,Rollerball,John McTiernan,node64061764e227b4e99645d4dc4c6a9e6_<http://www.the-numbers.com/movie/Rollerball-(1975)>,Rollerball (1975),Norman Jewison
Q383844,Rollerball,John McTiernan,node19a22071709fa638a5d588354afc656d_<http://www.listal.com/movie/rollerball-2002>,Rollerball (2002),
Q383844,Rollerball,John McTiernan,"nodee062358637e3ffde7528fe38b435e146_<http://www.commeaucinema.com/film/rollerball-science-fiction,2104>",John Houseman Maud Adams James Caan John Beck Rollerball Moses Gunn Norman Jewison,
Q535295,"Brutti, sporchi e cattivi",Ettore Scola,nodeb8d827f84e85ae39df16acfe25b4f64_<http://www.imdb.com/title/tt0074252/technical>,"Ugly, Dirty and Bad (1976)",
Q535295,"Brutti, sporchi e cattivi",Ettore Scola,node37b583862ce85eb3d2e7de36ac5f3087_<http://www.imdb.com/title/tt0074252/>,"Ugly, Dirty and Bad ""Brutti, sporchi e cattivi"" (original title)",Ettore Scola
Q535295,"Brutti, sporchi e cattivi",Ettore Scola,node77f695ed1347cf4b85e89f87bbb374dd_<http://www.imdb.com/title/tt0074252/>,"Ugly, Dirty and Bad ""Brutti, sporchi e cattivi"" (original title)",Ettore Scola
